Constituency_Number,Constituency_Name,State,Winning_Candidate,Winning_Party,Margin,Turnout_Pct
UP-77,Varanasi,Uttar Pradesh,Narendra Modi,BJP,152513,56.4
UP-52,Rae Bareli,Uttar Pradesh,Rahul Gandhi,Congress,390030,58.1
KL-04,Wayanad,Kerala,Rahul Gandhi,Congress,364422,73.6
DL-04,New Delhi,NCT of Delhi,Bansuri Swaraj,BJP,78370,54.4
WB-21,Diamond Harbour,West Bengal,Abhishek Banerjee,TMC,710930,76.9
GJ-06,Gandhinagar,Gujarat,Amit Shah,BJP,744716,59.8
TN-04,Chennai Central,Tamil Nadu,Dayanidhi Maran,DMK,244689,53.9
TS-09,Hyderabad,Telangana,Asaduddin Owaisi,AIMIM,338087,48.5
KA-26,Bangalore South,Karnataka,Tejasvi Surya,BJP,277083,53.2
MH-35,Baramati,Maharashtra,Supriya Sule,NCP-SP,158333,59.5
DL-03,East Delhi,NCT of Delhi,Harsh Malhotra,BJP,93663,54.4
PB-04,Jalandhar,Punjab,Charanjit Singh Channi,Congress,175993,59.7
PB-12,Sangrur,Punjab,Meet Hayer,AAP,172560,64.6
WB-24,Kolkata South,West Bengal,Mala Roy,TMC,187231,66.4
BR-30,Patna Sahib,Bihar,Ravi Shankar Prasad,BJP,153846,46.9
UP-33,Kannauj,Uttar Pradesh,Akhilesh Yadav,SP,170922,61.1
RJ-13,Nagaur,Rajasthan,Hanuman Beniwal,RLP,42225,57.2
AS-02,Dhubri,Assam,Rakibul Hussain,Congress,1012476,92.1
MP-19,Bhopal,Madhya Pradesh,Alok Sharma,BJP,501499,64.1
WB-17,Barasat,West Bengal,Kakoli Ghosh Dastidar,TMC,114555,80.2
DL-07,South Delhi,NCT of Delhi,Ramvir Singh Bidhuri,BJP,124333,56.4
PB-09,Hoshiarpur,Punjab,Raj Kumar Chabbewal,AAP,44111,58.9
MH-31,Mumbai South,Maharashtra,Arvind Sawant,SS-UBT,52673,50.1
